STT,Mã TL,Nội dung mô tả,File gom được,Thư mục đích,Trạng thái
1,,"LỜI GIỚI THIỆU
Là vùng đất giàu truyền thống lịch sử và văn hóa, Huế không chỉ được biết đến với vai trò kinh đô của triều Nguyễn, mà còn là một trong những địa phương có bề dày hình thành và phát triển bộ máy chính quyền qua các thời kỳ lịch sử.
Thông qua những tài liệu, hình ảnh và tư liệu lưu trữ tiêu biểu, Triển lãm trực tuyến “Thành phố Huế - Dấu ấn tổ chức, quản lý chính quyền địa phương qua tài liệu lưu trữ”, giới thiệu quá trình hình thành, xây dựng và đổi mới tổ chức chính quyền địa phương từ khi thành lập thị xã Huế năm 1899 đến nay, phản ánh những nỗ lực cải cách hành chính, xây dựng chính quyền điện tử, chính quyền số và phát triển đô thị hiện đại. 
Các tài liệu lưu trữ không chỉ là minh chứng xác thực về lịch sử, tổ chức và hoạt động của chính quyền địa phương, mà còn góp phần khẳng định vai trò của công tác lưu trữ trong bảo tồn ký ức quản trị, phục vụ xây dựng nền hành chính chuyên nghiệp, hiện đại và phát triển bền vững.
 Ban Tổ chức",4...QD1242_23_8_1994 Thành lập Sở Địa chính tỉnh.pdf,2. Dẫn nhập,Thành công
1,,"LỜI GIỚI THIỆU
Là vùng đất giàu truyền thống lịch sử và văn hóa, Huế không chỉ được biết đến với vai trò kinh đô của triều Nguyễn, mà còn là một trong những địa phương có bề dày hình thành và phát triển bộ máy chính quyền qua các thời kỳ lịch sử.
Thông qua những tài liệu, hình ảnh và tư liệu lưu trữ tiêu biểu, Triển lãm trực tuyến “Thành phố Huế - Dấu ấn tổ chức, quản lý chính quyền địa phương qua tài liệu lưu trữ”, giới thiệu quá trình hình thành, xây dựng và đổi mới tổ chức chính quyền địa phương từ khi thành lập thị xã Huế năm 1899 đến nay, phản ánh những nỗ lực cải cách hành chính, xây dựng chính quyền điện tử, chính quyền số và phát triển đô thị hiện đại. 
Các tài liệu lưu trữ không chỉ là minh chứng xác thực về lịch sử, tổ chức và hoạt động của chính quyền địa phương, mà còn góp phần khẳng định vai trò của công tác lưu trữ trong bảo tồn ký ức quản trị, phục vụ xây dựng nền hành chính chuyên nghiệp, hiện đại và phát triển bền vững.
 Ban Tổ chức","A50...Bản đồ phương án thành lập thành phố trực thuộc trung ương và sắp xếp, thành lập các đơn vị hành chính cấp huyện, cấp xã thuộc thành phố trực thuộc trung ương năm 2023.jpg",2. Dẫn nhập,Thành công
2,Dẫn nhập,Dấu ấn kiến tạo đô thị Huế,[THƯ MỤC TIÊU ĐỀ],2. Dẫn nhập,Tiêu đề
3,A1,"Từ hai châu Ô và Lý được sáp nhập vào Đại Việt đầu thế kỷ XIV, vùng đất Huế từng bước trở thành trung tâm chính trị quan trọng của đất nước. Trải qua nhiều lần điều chỉnh đơn vị hành chính, Huế là thủ phủ Đàng Trong dưới thời các chúa Nguyễn và là kinh đô Phú Xuân dưới thời Tây Sơn, tạo tiền đề cho vai trò kinh đô của triều Nguyễn sau này.",A1.png,2. Dẫn nhập,Thành công
4,B1,"Cầu Trường Tiền bắc qua sông Hương được xây dựng năm 1897. 
Ảnh: Tư liệu sưu tầm",B1.jpg,2. Dẫn nhập,Thành công
5,,"Năm 1899, thị xã Huế được thành lập. Từ đây Huế chính thức trở thành một đô thị theo tiêu chuẩn phương Tây.",-,2. Dẫn nhập,Thiếu file
6,1899,"Bản đồ từ Huế đến Đà Nẵng trong cuốn ""Chuyến thám hiểm từ Huế vào Nam kỳ"" xuất bản năm 1899 của tác giả Camille Paris (1856-1908)
Nguồn: Ảnh sưu tầm gallica.bnf.fr/ark:/12148/bpt6k58577516/f1.planchecontact",1899...Bản đồ Huế. 1899.png,2. Dẫn nhập,Thành công
7,A2,"Huế, đầu thế kỷ XX: Toàn cảnh thành phố Huế, phía xa là lăng vua Tự Đức.
Ảnh: Paul Vieillard.
 Nguồn:https://gallica.bnf.fr/services/engine/search",A2. Hué_début_du_XXe_siècle_[...]Vieillard_Paul_btv1b101118766.JPEG,2. Dẫn nhập,Thành công
8,1909,"Bản đồ tỉnh Thừa Thiên trong tập bản đồ về Đông Dương thuộc Pháp
xuất bản năm 1909
Nguồn: https://humazur.univ-cotedazur.fr/s/Humazur",1909...bandothuathien-1909.jpg,2. Dẫn nhập,Thành công
9,,"1929: Ngày 12/12/1929, Toàn quyền Đông Dương ban hành Nghị định thành lập thành phố Huế trên cơ sở nâng cấp thị xã Huế. Đây là dấu mốc quan trọng trong quá trình tổ chức và quản lý đô thị, tạo điều kiện mở rộng không gian thành phố, thúc đẩy phát triển dân cư, thương mại và hạ tầng, đưa Huế trở thành một đô thị có quy mô trung bình dưới thời Pháp thuộc.",-,2. Dẫn nhập,Thiếu file
10,1932,"Ảnh chụp kinh thành Huế từ trên cao năm 1932. 
Nguồn: AAVH",1932..Kinh thanh Huế 1932.jpg,2. Dẫn nhập,Thành công
11,Phần 1,"Xây dựng, củng cố chính quyền địa phương sau ngày Độc lập",[THƯ MỤC TIÊU ĐỀ],3. Phần 1,Tiêu đề
12,,"Nhân dân Thừa Thiên-Huế tham gia giành chính quyền và kéo vào cửa Thượng Tứ ngày 23/8/1945, ngày cách mạng thắng lợi tại Huế. 
(Ảnh: Tư liệu TTXVN)
Nguồn: https://nhandan.vn/ngay-2381945-co-do-hue-gianh-chinh-quyen-ve-tay-nhan-dan-post902065.html",-,3. Phần 1,Thiếu file
13,,"Chiều 23/8/1945, hàng vạn người dân Huế và các lực lượng kéo về sân vận động Huế. (Ảnh tư liệu/VOV)",-,3. Phần 1,Thiếu file
14,A3,"Sắc lệnh số 77 ngày 21/12/1945 của Chủ tịch Chính phủ Lâm thời Việt Nam DCCH quy định việc tổ chức chính quyền nhân dân tại các thị xã và thành phố.
Nguồn: Trung tâm Lưu trữ quốc gia III.",A3,3. Phần 1,Thành công
15,,"1945: Huế tiếp tục là tỉnh lị của Thừa Thiên, thuộc Khu 4 cùng các tỉnh Thanh Hóa, Nghệ An, Hà Tĩnh, Quảng Bình, Quảng Trị.",-,3. Phần 1,Thiếu file
16,,"“Các thị trấn Hà Nội, Hải Phòng, Nam Định, Vinh - Bến Thuỷ, Huế, Đà Nẵng, Đà Lạt và Sài Gòn Chợ Lớn đều đặt làm thành phố.”
Trích: Sắc lệnh số 77 ngày 21/12/1945 của Chủ tịch Chính phủ Việt Nam DCCH quy định việc tổ chức chính quyền nhân dân tại các thị xã và thành phố. 
Nguồn: Trung tâm Lưu trữ quốc gia III.",-,3. Phần 1,Thiếu file
17,,"Ở mỗi thành phố sẽ đặt ba thứ cơ quan: 
Hội đồng nhân dân thành phố, 
Uỷ ban hành chính thành phố 
Uỷ ban hành chính khu phố.",-,3. Phần 1,Thiếu file
18,B39,"Sắc lệnh số 11 ngày 24/1/1946 của Chủ tịch Chính phủ lâm thời Việt Nam DCCH quy định Huế “tạm thời coi như là thị xã”.
Nguồn: Trung tâm Lưu trữ quốc gia III .",B39....ptt ml1 1311,3. Phần 1,Thành công
19,B40,"Sắc lệnh số 153 ngày 13/8/1946 của Chủ tịch Chính phủ lâm thời Việt Nam DCCH quy định sáp nhập Thành Nội và thành phố Huế.
Nguồn: Trung tâm Lưu trữ quốc gia III.",B40...ptt ml1 4,3. Phần 1,Thành công
20,,"Huế trải qua nhiều lần điều chỉnh về tổ chức chính quyền và địa giới hành chính. Việc thay đổi danh xưng hành chính cùng với quá trình phân chia, sắp xếp các quận, phường đã tạo nên diện mạo mới của đô thị Huế.",-,3. Phần 1,Thiếu file
21,A16,"Bản đồ Quận Hương Điền năm 1962.
Nguồn: Trung tâm Lưu trữ thành phố Huế.",A16. Quận Hương Điền (1).jpg,3. Phần 1,Thành công
22,A17,"Bản đồ Quận Hương Thuỷ năm 1962.
Nguồn: Trung tâm Lưu trữ thành phố Huế.",a17. Quận Hương Thuỷ.jpg,3. Phần 1,Thành công
23,A18,"Bản đồ Quận Phong Điền năm 1962.
Nguồn: Trung tâm Lưu trữ thành phố Huế.",a18. . Quận Phong Điền.jpg,3. Phần 1,Thành công
24,A19,"Bản đồ Quận Quảng Điền năm 1962.
Nguồn: Trung tâm Lưu trữ thành phố Huế.",a19.. Quận Quảng Điền.jpg,3. Phần 1,Thành công
25,A20,"Bản đồ Quận Vĩnh Lộc năm 1965.
Nguồn: Trung tâm Lưu trữ thành phố Huế.",a20. Quận Vinh Lộc.jpg,3. Phần 1,Thành công
26,A21,"Bản đồ Quận Nam Hoà năm 1967.
Nguồn: Trung tâm Lưu trữ thành phố Huế.",a21. Quận Nam Hòa.jpg,3. Phần 1,Thành công
27,A22,"Bản đồ Quận Phú Lộc.
Nguồn: Trung tâm Lưu trữ thành phố Huế.",a22. Quận Phú Lộc.jpg,3. Phần 1,Thành công
28,A23,"Bản đồ Quận Phú Thứ.
Nguồn: Trung tâm Lưu trữ thành phố Huế.",a23.. Quận Phú Thứ.jpg,3. Phần 1,Thành công
29,A24,"Bản đồ Quận Phú Vang.
Nguồn: Trung tâm Lưu trữ thành phố Huế.",a24. Quận Phú Vang.jpg,3. Phần 1,Thành công
30,Phần 2,Huế cùng cả nước tiến lên xây dựng chủ nghĩa xã hội,[THƯ MỤC TIÊU ĐỀ],4. Phần 2,Tiêu đề
31,Tiêu đề chủ đề,Những năm đầu đất nước được thống nhất,[THƯ MỤC TIÊU ĐỀ],4. Phần 2/1. Những năm đầu đất nước được thống nhất,Tiêu đề
32,,"Ngày 26/3/1975, Thừa Thiên Huế được giải phóng hoàn toàn, góp phần quan trọng vào công cuộc giải phóng miền Nam, thống nhất Tổ Quốc, cùng cả nước xây dựng chủ nghĩa xã hội.",-,4. Phần 2/1. Những năm đầu đất nước được thống nhất,Thiếu file
33,A4,"Những ngày đầu tháng 3/1975, sau khi giải phóng Buôn Ma Thuột, Bộ Chính trị quyết định mở chiến dịch Huế - Đà Nẵng với mục tiêu giải phóng Huế và Đà Nẵng. Quân khu Trị Thiên đã lên kế hoạch giải phóng Huế với các mũi tấn công từ phía Tây Nam và Tây Bắc, nhằm chia cắt và làm rối loạn phòng tuyến địch. 
Trong ảnh, Bộ Chỉ huy chiến dịch họp bàn kế hoạch giải phóng Huế năm 1975.
Nguồn: https://vnexpress.net/co-do-hue-nhung-ngay-giai-phong-50-nam-truoc-4865641.html",A4.webp,4. Phần 2/1. Những năm đầu đất nước được thống nhất,Thành công
34,,"Nhân dân quận 2 thành phố Huế mít tinh tuần hành chào mừng chiến thắng.
Nguồn: Trung tâm Lưu trữ quốc gia III.",-,4. Phần 2/1. Những năm đầu đất nước được thống nhất,Thiếu file
35,15485,"Quyết định số 167-CP ngày 20/8/1975 của Thường vụ Hội đồng Chính phủ về công tác chỉ đạo và quản lý tại tỉnh Quang Trị và Thừa Thiên Huế. 
Nguồn: Trung tâm Lưu trữ quốc gia III.",A45...ptt ml3 15485,4. Phần 2/1. Những năm đầu đất nước được thống nhất,Thành công
36,A5,"Phân định các đơn vị địa lý hành chính cấp tỉnh, tháng 12/1975.
Nguồn: Trung tâm Lưu trữ quốc gia III, phông Văn phòng Chính phủ.",A5.tif,4. Phần 2/1. Những năm đầu đất nước được thống nhất,Thành công
37,,"1976: Sau giải phóng miền Nam thống nhất đất nước, tháng 02/1976 Chính phủ Cách mạng Lâm thời Cộng hòa miền Nam Việt Nam ban hành Nghị định sáp nhập các tỉnh Quảng Bình, Quảng Trị, Thừa Thiên và Khu vực Vĩnh Linh thành tỉnh Bình Trị Thiên, tỉnh lị đặt tại thành phố Huế.",-,4. Phần 2/1. Những năm đầu đất nước được thống nhất,Thiếu file
38,A26,"Chỉ thị số 293/CT-TU ngày 15/4/1976 v/v hoàn thành hợp tỉnh Quảng Bình - Quảng Trị - Thừa Thiên.
Nguồn: Trung tâm Lưu trữ thành phố Huế",A26...Chỉ thị số 293 năm 1976 về việc hoàn thành hợp tỉnh Quảng Bình - Quảng Trị - Thừa Thiên.jpg,4. Phần 2/1. Những năm đầu đất nước được thống nhất,Thành công
39,,"Đến ngày 15/4/1976, việc hợp nhất tỉnh hoàn thành. Thành phố Huế là tỉnh lỵ của tỉnh Bình Trị Thiên có 17 phường, xã.",-,4. Phần 2/1. Những năm đầu đất nước được thống nhất,Thiếu file
40,,"1981: Ngày 11/9/1981, Hội đồng Bộ trưởng ban hành Quyết định 64-HĐBT, theo đó sáp nhập các xã, thôn vào thành phố Huế. Sau khi điều chỉnh địa giới hành chính, thành phố Huế có 10 phường và 23 xã.",-,4. Phần 2/1. Những năm đầu đất nước được thống nhất,Thiếu file
41,A42,"Quyết định 64-HĐBT ngày 11/9/1981 của Hội đồng Bộ trưởng quy định v/v điều chỉnh và phân vạch lại địa giới hành chính tại tỉnh Bình Trị Thiên (nay là Thừa Thiên Huế và Quảng Trị).
Nguồn: Trung tâm Lưu trữ quốc gia III.",A42...vpcp 383,4. Phần 2/1. Những năm đầu đất nước được thống nhất,Thành công
42,,"Thành phố Huế được mở rộng có quy mô lớn nhất từ trước đến bấy giờ. “Thành phố Huế sau khi mở rộng bao gồm các phường Thuận Thành, Thuận Lộc, Thuận Hòa, Tây Lộc, Phú Thuận, Phú Hòa, Phú Cát, Phú Hiệp, Vĩnh Lợi, Vĩnh Ninh và các xã Thủy Trường, Thủy Phước, Thủy Xuân, Xuân Long, Hương Hải, Hương Phong, Hương Vinh, Hương Sơ, Hương Long, Hương Bình, Hương Thọ, Thủy bằng, Thủy Biều, Thủy An, Thủy Dương, Phú Thượng, Phú Dương, Phú Mậu, Phú Thanh, Phú Tân, Thủy Phú (gồm cả xóm Đông Giáp), Hương Lưu (gồm cả xóm Cồn Trâu và xóm Cổ Thành), Hương Hồ (gồm cả các thôn Thanh Chữ, Cổ Bưu, An Lưu, Bồn Trì, Bồn Phổ).”
Trích: Quyết định 64-HĐBT ngày 11/9/1981 của Hội đồng Bộ trưởng quy định v/v điều chỉnh và phân vạch lại địa giới hành chính tại tỉnh Bình Trị Thiên (nay là Thừa Thiên Huế và Quảng Trị).
Nguồn: Trung tâm Lưu trữ quốc gia III.",2...QD27_05_01_1994 thành lập tổ chức Thanh tra Sở.pdf,4. Phần 2/1. Những năm đầu đất nước được thống nhất,Thành công
43,Tiêu đề chủ đề,Huế trong tiến trình đổi mới và hội nhập,[THƯ MỤC TIÊU ĐỀ],4. Phần 2/2. Huế trong tiến trình đổi mới và hội nhập,Tiêu đề
44,A47,"Nghị quyết của Quốc hội nước CHXHCN Việt Nam tại kì họp thứ 5 Quốc hội khóa VIII tách tỉnh Bình Trị Thiên để tái lập các tỉnh Quảng Bình, Quảng Trị và Thừa Thiên - Huế. 
Tỉnh Thừa Thiên - Huế gồm 5 đơn vị hành chính: 
* Thành phố Huế;
* Huyện Hương Phú, 
* Huyện Hương Điền, 
* Huyện Phú Lộc và 
* Huyện A Lưới.",3...QD517_16_3_1994 thành lập Sở Du lịch tỉnh Thừa Thiên Huế.pdf,4. Phần 2/2. Huế trong tiến trình đổi mới và hội nhập,Thành công
44,A47,"Nghị quyết của Quốc hội nước CHXHCN Việt Nam tại kì họp thứ 5 Quốc hội khóa VIII tách tỉnh Bình Trị Thiên để tái lập các tỉnh Quảng Bình, Quảng Trị và Thừa Thiên - Huế. 
Tỉnh Thừa Thiên - Huế gồm 5 đơn vị hành chính: 
* Thành phố Huế;
* Huyện Hương Phú, 
* Huyện Hương Điền, 
* Huyện Phú Lộc và 
* Huyện A Lưới.",A47...hs 5976 qh,4. Phần 2/2. Huế trong tiến trình đổi mới và hội nhập,Thành công
45,B6,"Báo cáo số 102-TC/CQ ngày 5/11/1990 của Ban TCCQ tỉnh Thừa Thiên Huế v/v báo cáo thực hiện Quyết định số 345/HĐBT ngày 29 tháng 9 năm 1990 của HĐBT về điều chỉnh địa giới các huyện và thành phố Huế.
Nguồn: Trung tâm Lưu trữ Thành phố Huế.",B6,4. Phần 2/2. Huế trong tiến trình đổi mới và hội nhập,Thành công
46,B2,1992: Quyết định số 355-CT công nhận thành phố Huế thuộc tỉnh Thừa Thiên-  Huế là Đô thị loại II.,-,4. Phần 2/2. Huế trong tiến trình đổi mới và hội nhập,Thiếu file
47,B3,"Nghị định số 80/CP ngày 22/11/1995 của Chính phủ v/v phân chia phường Vĩnh Lợi thuộc thành phố Huế thành 2 phường là Phú Nhuận và Phú Hội, chia phường Phú Hiệp thành 2 phường Phú Hiệp và Phú Hậu.
Nguồn: Trung tâm Lưu trữ quốc gia III.",-,4. Phần 2/2. Huế trong tiến trình đổi mới và hội nhập,Thiếu file
48,2281,"Bản đồ địa giới hành chính thành phố Huế năm 1998.
Nguồn: Trung tâm Lưu trữ quốc gia III.",A38...BTC CBCP 2281,4. Phần 2/2. Huế trong tiến trình đổi mới và hội nhập,Thành công
49,B8,"Chương trình nghệ thuật trong Lễ bế mạc Festival Huế 2000. 
Ảnh: Trung tâm Festival.
Nguồn: https://huengaynay.vn/chinh-tri-xa-hoi/theo-dong-thoi-su/festival-hue-dau-tien-sau-con-lu-lich-su-1999-80075.html",B8...festival-hue.jpg,4. Phần 2/2. Huế trong tiến trình đổi mới và hội nhập,Thành công
50,B9,"Báo cáo tình hình tổ chức hoạt động của UBND các cấp tỉnh Thừa Thiên Huế, nhiệm kỳ 1999 -2004.
https://hue.gov.vn/Trang-chu/He-thong-van-ban-phap-luat/type/cd/vb/14698",B9....BC19_26_02_2004.rtf,4. Phần 2/2. Huế trong tiến trình đổi mới và hội nhập,Thành công
51,B7,"2005: Ngày 24/8/2005 Thủ tướng Chính phủ ban hành Quyết định số 209/2005/QĐ-TTg nâng cấp thành phố Huế lên Đô thị loại I.
Nguồn: Trung tâm Lưu trữ quốc gia III.",B7...vpcp 1948-2007 2579,4. Phần 2/2. Huế trong tiến trình đổi mới và hội nhập,Thành công
52,,"Thành phố Huế là trung tâm chính trị, kinh tế, văn hoá, khoa học kỹ thuật, du lịch, dịch vụ, đầu mối giao thông, giao lưu trong nước và quốc tế có vai trò thúc đẩy sự phát triển kinh tế - xã hội của địa phương, khu vực.",-,4. Phần 2/2. Huế trong tiến trình đổi mới và hội nhập,Thiếu file
53,,"Sau nhiều lần chia tách, sáp nhập, tỉnh Thừa Thiên - Huế gồm:
* 01 thành phố Huế có: 36 đơn vị trực thuộc (29 phường, 7 xã);
* 02 thị xã là Hương Trà, Hương Thủy;
* 06 huyện: A Lưới, Nam Đông, Phong Điền, Phú Lộc, Phú Vang, Quảng Điền.",-,4. Phần 2/2. Huế trong tiến trình đổi mới và hội nhập,Thiếu file
54,62.0,"Nghị quyết số 05/2009/NQBT-HĐND ngày 11/11/2009 của HĐND thành phố Huế v/v thông qua Đề án thành lập các phường: Hương Long, Thủy Xuân, Thủy Biều.
Nguồn: Trung tâm Lưu trữ Thành phố Huế.",-,4. Phần 2/2. Huế trong tiến trình đổi mới và hội nhập,Thiếu file
55,A49,"Bản đồ địa giới hành chính tỉnh Thừa Thiên Huế năm 2023.
Nguồn: Trung tâm Lưu trữ Thành phố Huế.",A49...Bản đồ Địa giới hành chính tỉnh Thừa Thiên Huế năm 2023.jpg,4. Phần 2/2. Huế trong tiến trình đổi mới và hội nhập,Thành công
56,,"2025: Theo Nghị quyết số 1314/NQ-UBTVQH15 ngày 30/11/2024 của Ủy ban Thường vụ Quốc hội v/v/ sắp xếp đơn vị hành chính cấp huyện, cấp xã của thành phố Huế giai đoạn 2023 – 2025, từ ngày 01/01/2025, thành phố Huế có:
* 09 đơn vị hành chính cấp huyện, gồm 04 huyện, 03 thị xã và 02 quận; 
* 133 đơn vị hành chính cấp xã, gồm 48 phường, 78 xã và 07 thị trấn.",-,4. Phần 2/2. Huế trong tiến trình đổi mới và hội nhập,Thiếu file
57,B19,"Bản đồ sắp xếp đơn vị hành chính cấp huyện, cấp xã giai đoạn 2023-2025.
Nguồn: Trung tâm Lưu trữ Thành phố Huế.",B19...Bản đồ sắp xếp đơn vị hc cấp huyện cấp xã gđ 2023-2025.jpg,4. Phần 2/2. Huế trong tiến trình đổi mới và hội nhập,Thành công
58,A9,"Nghị quyết số 175/2024/QH15 của Quốc hội v/v thành lập thành phố Huế trực thuộc trung ương năm 2024.
 Nguồn: Trung tâm Lưu trữ Thành phố Huế.",A9.pdf,4. Phần 2/2. Huế trong tiến trình đổi mới và hội nhập,Thành công
59,,"Thành phố Huế là thành phố trực thuộc trung ương:
Diện tích tự nhiên là 4.947,11 km2 
Quy mô dân số là 1.236.393 người của tỉnh Thừa Thiên Huế.",-,4. Phần 2/2. Huế trong tiến trình đổi mới và hội nhập,Thiếu file
60,B12,"Phó Chủ tịch Quốc hội Nguyễn Khắc Định điều hành phiên họp Tại Kỳ họp thứ 8, Quốc hội khóa XV về thành lập thành phố Huế trực thuộc Trung ương.
Nguồn: https://xaydungchinhsach.chinhphu.vn/",B12.jpg,4. Phần 2/2. Huế trong tiến trình đổi mới và hội nhập,Thành công
61,B14,"Ủy viên Ủy ban Thường vụ Quốc hội, Chủ nhiệm Ủy ban Pháp luật Hoàng Thanh Tùng trình bày Báo cáo giải trình, tiếp thu, chỉnh lý dự thảo Nghị quyết v/v thành lập thành phố Huế trực thuộc Trung ương.
Nguồn: https://xaydungchinhsach.chinhphu.vn/",B14.jpg,4. Phần 2/2. Huế trong tiến trình đổi mới và hội nhập,Thành công
62,B16,"Sáng 30/11/2024, vào lúc 8 giờ 26 phút, tại Kỳ họp thứ 8, Quốc hội khóa XV, Quốc hội đã biểu quyết thông qua Nghị quyết thành lập thành phố Huế trực thuộc Trung ương với tỷ lệ 95,62% phiếu tán thành.
Nguồn: https://hue.gov.vn/Chuyen-trang",B16.jpg,4. Phần 2/2. Huế trong tiến trình đổi mới và hội nhập,Thành công
63,B15,"Quốc hội đã chính thức thông qua Nghị quyết thành lập thành phố Huế trực thuộc Trung ương với tỷ lệ tán thành rất cao.
Nguồn: https://xaydungchinhsach.chinhphu.vn/",B15.jpg,4. Phần 2/2. Huế trong tiến trình đổi mới và hội nhập,Thành công
64,,"Thành phố Huế trực thuộc Trung ương là dấu mốc quan trọng trong quá trình phát triển của vùng đất Cố đô, tạo nền tảng phát huy giá trị di sản, nâng cao hiệu quả quản lý đô thị và thúc đẩy Huế phát triển nhanh, bền vững, trở thành trung tâm lớn về văn hóa, du lịch, y tế, khoa học, công nghệ và giáo dục của cả nước và khu vực.",-,4. Phần 2/2. Huế trong tiến trình đổi mới và hội nhập,Thiếu file
65,B18,"Bản đồ thành lập thành phố Huế trực thuộc Trung ương.
Nguồn: Trung tâm Lưu trữ Thành phố Huế.",B18. Bản đồ thành lập thành phố Huế trực thuộc Trung ương.jpg,4. Phần 2/2. Huế trong tiến trình đổi mới và hội nhập,Thành công
66,A8,"Huế về đêm.
Nguồn: Internet",A8.jpg,4. Phần 2/2. Huế trong tiến trình đổi mới và hội nhập,Thành công
67,A7,"Nghị quyết số 1675/NQ-UBTVQH15 ngày 16/6/2025 v/v sắp xếp các đơn vị hành chính cấp xã của thành phố Huế năm 2025.
Nguồn: Trung tâm Lưu trữ Huế",A7..1675-nq.signed.pdf,4. Phần 2/2. Huế trong tiến trình đổi mới và hội nhập,Thành công
68,,"Sau khi sắp xếp, thành phố Huế có:
40 đơn vị hành chính cấp xã, gồm 21 phường và 19 xã.",-,4. Phần 2/2. Huế trong tiến trình đổi mới và hội nhập,Thiếu file
69,,"Sơ đồ:
1. Phường Phong Điền.
2. Phường Phong Thái.
3. Phường Phong Dinh.
4. Phường Phong Phú.
5. Phường Phong Quảng.
6. Phường Hương Trà.
7. Phường Kim Trà.
8. Phường Kim Long.
9. Phường Hương An.
10. Phường Phú Xuân.
11. Phường Thuận An.
12. Phường Hóa Châu.
13. Phường Mỹ Thượng.
14. Phường Vỹ Dạ.
15. Phường Thuận Hóa.
16. Phường An Cựu.
17. Phường Thủy Xuân.
18. Phường Thanh Thủy.
19. Phường Hương Thủy.
20. Phường Phú Bài.
21. Xã Đan Điền.
22. Xã Quảng Điền.
23. Xã Bình Điền.
24. Xã Phú Vinh.
25. Xã Phú Hồ.
26. Xã Phú Vang.
27. Xã Vinh Lộc.
28. Xã Hưng Lộc.
29. Xã Lộc An.
30. Xã Phú Lộc.
31. Xã Chân Mây - Lăng Cô.
32. Xã Long Quảng.
33. Xã Nam Đông.
34. Xã Khe Tre.
35. Xã A Lưới 1.
36. Xã A Lưới 2.
37. Xã A Lưới 3.
38. Xã A Lưới 4.
39. Xã A Lưới 5.
40. Phường Dương Nỗ",-,4. Phần 2/2. Huế trong tiến trình đổi mới và hội nhập,Thiếu file
70,B20,"Bản đồ sắp xếp các đơn vị hành chính cấp xã của thành phố Huế năm 2025.
Nguồn: Trung tâm Lưu trữ Thành phố Huế.",B20...Bản đồ sắp xếp các đơn vị hc cấp xã của thành phố Huế năm 2025.jpg,4. Phần 2/2. Huế trong tiến trình đổi mới và hội nhập,Thành công
71,,"Việc triển khai mô hình chính quyền địa phương hai cấp đánh dấu bước đổi mới trong tổ chức bộ máy của thành phố Huế, hướng tới nền hành chính tinh gọn, hiệu lực, hiệu quả; tăng cường phân cấp, phân quyền và nâng cao chất lượng phục vụ người dân, doanh nghiệp.",-,4. Phần 2/2. Huế trong tiến trình đổi mới và hội nhập,Thiếu file
72,Phần 3,Từng bước đổi mới nền hành chính phụng sự nhân dân,[THƯ MỤC TIÊU ĐỀ],5. Phần 3,Tiêu đề
73,Tiêu đề chủ đề,Hoàn thiện tổ chức bộ máy chính quyền,[THƯ MỤC TIÊU ĐỀ],5. Phần 3/1. Hoàn thiện tổ chức bộ máy chính quyền,Tiêu đề
74,,"Bước vào giai đoạn mới, Huế từng bước kiện toàn tổ chức bộ máy chính quyền theo hướng tinh gọn, hiệu lực, hiệu quả; phân định rõ chức năng, nhiệm vụ, đáp ứng yêu cầu quản lý và phát triển của địa phương qua từng giai đoạn.",-,5. Phần 3/1. Hoàn thiện tổ chức bộ máy chính quyền,Thiếu file
75,C7,"Quyết định số 540 QĐ/UB ngày 26/4/1988 của UBND tỉnh Bình Trị Thiên v/v sắp xếp tổ chức bộ máy các cơ quan chuyên môn và đơn vị sự nghiệp thuộc UBND tỉnh.
Nguồn: Trung tâm Lưu trữ Thành phố Huế.",C7....QĐ 540-1988,5. Phần 3/1. Hoàn thiện tổ chức bộ máy chính quyền,Thành công
76,C6,"Quyết định số 709 QĐ/UB ngày 15/6/1988 của UBND tỉnh Bình Trị Thiên v/v chuẩn y tổ chức bộ máy các cơ quan chuyên môn thuộc UBND.
Nguồn: Trung tâm Lưu trữ Thành phố Huế.",C6...QĐ 709-1988,5. Phần 3/1. Hoàn thiện tổ chức bộ máy chính quyền,Thành công
77,,Sơ đồ bộ máy các cơ quan chuyên môn thuộc UBND tỉnh Bình Trị Thiên,-,5. Phần 3/1. Hoàn thiện tổ chức bộ máy chính quyền,Thiếu file
78,D1,"Một số quyết định của UBND tỉnh Thừa Thiên Huế v/v thành lập các ban, ngành cấp tỉnh năm 1989-1990",D1...TCBM thành lập các sở ban ngành 1989,5. Phần 3/1. Hoàn thiện tổ chức bộ máy chính quyền,Thành công
79,C1,"Quyết định số 139-QĐ ngày 07/02/1990 của UBND tỉnh Thừa Thiên Huế v/v thành lập Sở Tư pháp và bổ nhiệm cán bộ lãnh đạo Sở.
Nguồn: Trung tâm Lưu trữ Thành phố Huế.",C1...QD139_07_02_1990.pdf,5. Phần 3/1. Hoàn thiện tổ chức bộ máy chính quyền,Thành công
80,C8,"Quyết định số 139/QĐ-UB ngày 01/02/1991 của UBND tỉnh Thừa Thiên Huế v/v quy định chức năng nhiệm vụ, quyền hạn và cơ cấu tổ chức và hoạt động của Ban Tổ chức Chính quyền tỉnh.",C8...QĐ139-1990,5. Phần 3/1. Hoàn thiện tổ chức bộ máy chính quyền,Thành công
81,C2,"Quyết định số 1046/QĐ-UBND ngày 29/7/1994 của UBND tỉnh Thừa Thiên Huế v/v sắp xếp tổ chức bộ máy các Ban, đơn vị hành chính - sự nghiệp thuộc Uỷ ban nhân dân thành phố Huế.
Nguồn: Trung tâm Lưu trữ Thành phố Huế.",C2...QĐ 1046-1994,5. Phần 3/1. Hoàn thiện tổ chức bộ máy chính quyền,Thành công
82,,"Cơ cấu tổ chức các cơ quan chuyên môn thuộc UBND tỉnh Thừa Thiên Huế được từng bước kiện toàn thông qua việc thành lập mới, đổi tên và quy định lại chức năng, nhiệm vụ của các sở, ban, ngành. Quá trình này phản ánh sự đổi mới của nền hành chính địa phương, đáp ứng yêu cầu quản lý nhà nước và phát triển kinh tế - xã hội trong thời kỳ đổi mới.",-,5. Phần 3/1. Hoàn thiện tổ chức bộ máy chính quyền,Thiếu file
83,D2,Một số quyết định thành lập mới một số cơ quan thuộc UBND tỉnh Thừa Thiên Huế,-,5. Phần 3/1. Hoàn thiện tổ chức bộ máy chính quyền,Thiếu file
84,C3,"Quyết định số 1911/QĐ-UB ngày 05/8/1997 của UBND tỉnh Thừa Thiên Huế v/v qui định chức năng, nhiệm vụ, quyền hạn và tổ chức bộ máy của Ban Tổ chức chính quyền tỉnh.
Nguồn: Trung tâm Lưu trữ Thành phố Huế.",C3...QĐ1911-1997,5. Phần 3/1. Hoàn thiện tổ chức bộ máy chính quyền,Thành công
85,D3,"Quyết định số 222/1998/QĐ/UBND ngày 14/02/1998 của UBND tỉnh Thừa Thiên Huế v/v thành lập và quy định chức năng nhiệm vụ, tổ chức bộ máy của sở Ngoại vụ tỉnh Thừa Thiên Huế.
Nguồn: Trung tâm Lưu trữ Thành phố Huế.",D3...QD222_14_2_1998 thành lập và quy định CNNV sở Ngoại vụ.pdf,5. Phần 3/1. Hoàn thiện tổ chức bộ máy chính quyền,Thành công
86,C5,"Quyết định số 1522/QĐ-UB ngày 05/6/2003 của UBND tỉnh Thừa Thiên Huế v/v quy định chức năng, nhiệm vụ và tổ chức bộ máy của Văn phòng HĐND và UBND tỉnh.
Nguồn: Trung tâm Lưu trữ Thành phố Huế.",C5...QĐ 1522-2003,5. Phần 3/1. Hoàn thiện tổ chức bộ máy chính quyền,Thành công
87,,"Sơ đồ tổ chức bộ máy của Văn phòng.
 
Vẽ sơ đồ tổ chức bộ máy của Văn phòng:
1/ Các Phòng chuyên môn, nghiệp vụ:
+ Phòng Nghiên cứu Tổng hợp
+ Phòng Kinh tế - Đối ngọai
+ Phòng Nội chính - Văn xã
+ Phòng Thi đua - Khen thưởng
+ Phòng Tiếp dân, giải quyết đơn thư khiếu nại tố cáo.
+ Phòng Tổ chức - Hành chính.
+ Phòng Quản trị - Tài vụ.
2/ Các đơn vị sự nghiệp:
+ Trung tâm Lưu trữ.
+ Trung tâm Tin học Hành chính.
+ Nhà Khách.",-,5. Phần 3/1. Hoàn thiện tổ chức bộ máy chính quyền,Thiếu file
88,D4,"Quyết định số 1861/2003/QĐ-UB ngày 08/7/2003 của UBND tỉnh Thừa Thiên Huế v/v thành lập Sở Tài nguyên và Môi trường.
Nguồn: Trung tâm Lưu trữ Thành phố Huế.",D4...QD1861_08_7_2003 thành lập Sở Tài nguyên môi trường.pdf,5. Phần 3/1. Hoàn thiện tổ chức bộ máy chính quyền,Thành công
89,C4,"Quyết định số 3565/QĐ-UB ngày 11/12/2003 của UBND tỉnh Thừa Thiên Huế v/v đổi tên Ban Tổ chức Chính quyền tỉnh thành Sở Nội vụ.
Nguồn: Trung tâm Lưu trữ Thành phố Huế.",C4...jpg,5. Phần 3/1. Hoàn thiện tổ chức bộ máy chính quyền,Thành công
90,D5,"Quyết định số 3288/2004/QĐ-UB ngày 22/9/2004 của UBND tỉnh Thừa Thiên Huế v/v thành lập Sở Bưu chính, Viễn thông.
Nguồn: Trung tâm Lưu trữ Thành phố Huế.",D5...QD3288_22_9_2004 Thành lập Sở Bưu chính viễn thông.pdf,5. Phần 3/1. Hoàn thiện tổ chức bộ máy chính quyền,Thành công
91,C26,"Trụ sở HĐND và UBND tỉnh Thừa Thiên Huế
Ảnh: UBND tỉnh Thừa Thiên Huế.",C26.webp,5. Phần 3/1. Hoàn thiện tổ chức bộ máy chính quyền,Thành công
92,B11,"Nghị quyết số 12/NĐ-HĐND ngày 26/02/2025 của Hội đồng nhân dân thành phố Huế v/v thành lập và tổ chức lại các cơ quan chuyên môn  thuộc UBND TP Huế.
Nguồn: Trung tâm Lưu trữ Thành phố Huế.",B11.pdf,5. Phần 3/1. Hoàn thiện tổ chức bộ máy chính quyền,Thành công
93,,"Tháng 02/2025, UBND thành phố Huế kiện toàn cơ cấu tổ chức với 14 cơ quan chuyên môn trực thuộc, gồm 12 sở, Văn phòng UBND thành phố và Thanh tra thành phố. Cơ cấu này được sắp xếp theo hướng tinh gọn, giảm đầu mối, tăng cường phối hợp liên ngành, góp phần nâng cao hiệu lực, hiệu quả quản lý nhà nước, đáp ứng yêu cầu xây dựng nền hành chính hiện đại, phục vụ người dân và doanh nghiệp, đồng thời tạo nền tảng cho sự phát triển của thành phố Huế trong giai đoạn mới.",-,5. Phần 3/1. Hoàn thiện tổ chức bộ máy chính quyền,Thiếu file
94,,"Sơ đồ cơ cấu tổ chức các cơ quan chuyên môn thuộc UBND TP Huế, tháng 02/2025
1) Sở Tài chính; 
2) Sở Xây dựng; 
3) Sở Khoa học và Công nghệ; 
4) Sở Nông nghiệp và Môi trường; 
5) Sở Nội vụ; 
6) Sở Tư pháp; 
7) Sở Công Thương; 
8) Sở Giáo dục và Đào tạo; 
9) Sở Văn hóa và Thể thao; 
10) Sở Y tế; 
11) Sở Du lịch; 
12) Sở Ngoại vụ; 
13) Văn phòng Ủy ban nhân dân thành phố; 
14) Thanh tra thành phố.",-,5. Phần 3/1. Hoàn thiện tổ chức bộ máy chính quyền,Thiếu file
95,Tiêu đề chủ đề,Hiện đại hóa nền hành chính phụng sự nhân dân,[THƯ MỤC TIÊU ĐỀ],5. Phần 3/2. Hiện đại hóa nền hành chính phụng sự nhân dân,Tiêu đề
96,,"Cùng với việc hoàn thiện tổ chức bộ máy, Huế đẩy mạnh cải cách hành chính, ứng dụng công nghệ số, xây dựng chính quyền hiện đại, công khai, minh bạch, lấy người dân và doanh nghiệp làm trung tâm phục vụ.",-,5. Phần 3/2. Hiện đại hóa nền hành chính phụng sự nhân dân,Thiếu file
97,C24,"Kế hoạch số 14/KH-UBND ngày 28/01/2010 của UBND tỉnh Thừa Thiên Huế về thực hiện công tác cải cách hành chính năm 2010.
Nguồn: Trung tâm Lưu trữ Thành phố Huế.",C24..KH số 14.2010. Công tác CCHC,5. Phần 3/2. Hiện đại hóa nền hành chính phụng sự nhân dân,Thành công
98,C30,"Báo cáo số 131/BC-UBND ngày 24/12/2010 của UBND tỉnh Thừa Thiên Huế về công tác cải cách hành chính năm 2010.
Nguồn: Trung tâm Lưu trữ Thành phố Huế.",C30...BC số 131.2010. Báo cáo công tác CCHC,5. Phần 3/2. Hiện đại hóa nền hành chính phụng sự nhân dân,Thành công
99,C22,"Báo cáo số 445/BC-UBND ngày 07/12/2020 của UBND tỉnh Thừa Thiên Huế về công tác cải cách hành chính năm 2020.
Nguồn: Trung tâm Lưu trữ Thành phố Huế.","C22,..QĐ số 678.2025. Báo cáo ct CCHC",5. Phần 3/2. Hiện đại hóa nền hành chính phụng sự nhân dân,Thành công
100,,"Lễ trao giải hội thi trực tuyến “Tìm hiểu công tác cải cách hành chính tỉnh Thừa Thiên Huế năm 2024”, đợt 1 từ 17-22/6/2024.",-,5. Phần 3/2. Hiện đại hóa nền hành chính phụng sự nhân dân,Thiếu file
101,C20,"Quyết định số 3322/QĐ-UBND ngày 25/12/2024 của UBND tỉnh Thừa Thiên Huế v/v phê duyệt Kế hoạch cải cách hành chính gắn với chính quyền số dịch vụ đô thị thông minh, năm 2025.
Nguồn: Trung tâm Lưu trữ Thành phố Huế.","C20...QĐ số 3322.2024. Kế hoạch CCHC gắn với chính quyền số, dịch vụ đô thị thông minh",5. Phần 3/2. Hiện đại hóa nền hành chính phụng sự nhân dân,Thành công
102,C9,"Quyết định số 3803 /QĐ-UBND ngày 15/12/2025 của UBND thành phố Huế v/v phê duyệt Kế hoạch cải cách hành chính gắn với chuyển đổi số trong cơ quan nhà nước của thành phố Huế năm 2026.
Nguồn: Trung tâm Lưu trữ Thành phố Huế.",C9.3803-QD-UBND Kế hoạch CCHC 2026 TP Huế.pdf,5. Phần 3/2. Hiện đại hóa nền hành chính phụng sự nhân dân,Thành công
103,,"Báo cáo số 678/BC-UBND ngày 19/12/2025 của UBND thành phố Huế về tình hình thực hiện công tác cải cách hành chính năm 2025.
Nguồn: Trung tâm Lưu trữ Thành phố Huế.",-,5. Phần 3/2. Hiện đại hóa nền hành chính phụng sự nhân dân,Thiếu file
104,C31,"Năm 2025, thành phố Huế đạt 91,33 điểm Chỉ số cải cách hành chính, cao nhất kể từ năm 2016. 
Nguồn: https://huengaynay.vn/chinh-tri-xa-hoi/theo-dong-thoi-su",C31.jpg,5. Phần 3/2. Hiện đại hóa nền hành chính phụng sự nhân dân,Thành công
105,C32,"Thành phố Huế xếp thứ 5 cả nước về Chỉ số hài lòng của người dân đối với sự phục vụ của cơ quan hành chính Nhà nước năm 2025 theo công bố của Bộ Nội vụ 
Nguồn: https://huengaynay.vn/chinh-tri-xa-hoi/theo-dong-thoi-su",C32.jpg,5. Phần 3/2. Hiện đại hóa nền hành chính phụng sự nhân dân,Thành công
106,C21,Trung tâm phục vụ hành chính công thành phố Huế.,C21..jpg,5. Phần 3/2. Hiện đại hóa nền hành chính phụng sự nhân dân,Thành công
107,C16,Trung tâm dữ liệu,C16,5. Phần 3/2. Hiện đại hóa nền hành chính phụng sự nhân dân,Thành công
108,C15,"Quyết định số 465 /QĐ-UBND ngày 28/01/2026 của UBND thành phố Huế v/v phê duyệt Đề án Phát triển đô thị thông minh thành phố Huế giai đoạn 2026-2030, định hướng đến năm 2045",C15...QĐ số 465.2026 Đề án phát triển đô thị thông minh thành phố Huế giai đoạn 2026-2030 hướng đến 2045.pdf,5. Phần 3/2. Hiện đại hóa nền hành chính phụng sự nhân dân,Thành công
109,C17,Trung tâm giám sát điều hành đô thị thông minh thuộc Sở Khoa học và Công nghệ thành phố Huế.,C17.jpg,5. Phần 3/2. Hiện đại hóa nền hành chính phụng sự nhân dân,Thành công
110,,"Trung tâm Giám sát, điều hành đô thị thông minh (IOC) đóng vai trò là “bộ não số” của đô thị, nơi tích hợp dữ liệu, công nghệ và con người để hỗ trợ công tác quản lý, điều hành một cách kịp thời, chính xác và hiệu quả. Trung tâm ứng dụng các nền tảng công nghệ hiện đại như dữ liệu lớn, trí tuệ nhân tạo, bản đồ số và hệ thống camera giám sát nhằm theo dõi toàn diện các hoạt động kinh tế – xã hội, an ninh trật tự, hạ tầng đô thị và chất lượng môi trường.
Nguồn: https://dttm.hue.gov.vn/slide/dich-vu-do-thi-thong-minh.html",-,5. Phần 3/2. Hiện đại hóa nền hành chính phụng sự nhân dân,Thiếu file
111,C14,"Báo cáo số 330/BC-UBND ngày 19/6/2026 của UBND thành phố Huế v/v tình hình thực hiện công tác cải cách hành chính 06 tháng đầu năm 2026.
Nguồn: Trung tâm Lưu trữ Thành phố Huế.",C14...bc330_signed (1).pdf,5. Phần 3/2. Hiện đại hóa nền hành chính phụng sự nhân dân,Thành công
112,C10,"Quyết định số 2367/QĐ-UBND ngày 08/7/2026 của UBND thành phố Huế v/v  công bố danh mục thủ tục hành chính mới ban hành và phê duyệt quy trình nội bộ, quy trình điện tử thực hiện theo cơ chế một cửa, một cửa liên thông lĩnh vực Việc làm thuộc phạm vi chức năng quản lý của Sở Nội vụ.
Nguồn: Trung tâm Lưu trữ Thành phố Huế.",C10...00.00.H57-2367-QD-UBND-2026-PL1_signed.pdf,5. Phần 3/2. Hiện đại hóa nền hành chính phụng sự nhân dân,Thành công
113,C11,"Quyết định số 2391/QĐ-UBND ngày 09/7/2026 của UBND thành phố Huế v/v công bố danh mục thủ tục hành chính mới ban hành trong lĩnh vực vật liệu xây dựng thuộc thẩm quyền giải quyết của Sở Xây dựng.
Nguồn: Trung tâm Lưu trữ Thành phố Huế.",C11..pdf,5. Phần 3/2. Hiện đại hóa nền hành chính phụng sự nhân dân,Thành công
114,,"Quá trình hình thành và hoàn thiện tổ chức chính quyền địa phương qua các thời kỳ đã tạo nền tảng cho sự phát triển của Huế. Bước vào giai đoạn mới với vị thế thành phố trực thuộc Trung ương, việc tiếp tục đổi mới mô hình tổ chức và nâng cao hiệu lực quản lý sẽ là động lực quan trọng để Huế phát huy giá trị di sản, xây dựng nền hành chính hiện đại và phát triển bền vững.",-,5. Phần 3/2. Hiện đại hóa nền hành chính phụng sự nhân dân,Thiếu file
115,B17,"Thành phố Huế.
Nguồn: Cổng Thông tin điện tử thành phố Huế",B17.png,5. Phần 3/2. Hiện đại hóa nền hành chính phụng sự nhân dân,Thành công
116,C27,"Cầu Tràng Tiền và trung tâm thành phố Huế - biểu tượng cảnh quan và đời sống đô thị. 
Ảnh: Lê Hoàng.",C27.jpg,5. Phần 3/2. Hiện đại hóa nền hành chính phụng sự nhân dân,Thành công
117,,"Định hướng đến năm 2045: “Xây dựng chính quyền số, kinh tế số, xã hội số hiện đại, minh bạch, hiệu quả, đưa hoạt động quản lý, chỉ đạo, điều hành của tổ chức, cơ quan Đảng, nhà nước lên môi trường số, dựa trên dữ liệu; cung cấp dịch vụ công trực tuyến toàn trình, tiện ích số thuận lợi cho người dân, doanh nghiệp, tạo đột phá trong cải cách hành chính, quản trị công và phát triển bền vững - theo Kế hoạch số 295-KH/TU ngày 30/6/2025 của Thành ủy Huế ban hành Kế hoạch hành động thực hiện Nghị quyết 57-NQ/TW”.
Trích: Quyết định số 465 /QĐ-UBND ngày 28/01/2026 của UBND thành phố Huế v/v phê duyệt Đề án Phát triển đô thị thông minh thành phố Huế giai đoạn 2026-2030, định hướng đến năm 2045.",-,5. Phần 3/2. Hiện đại hóa nền hành chính phụng sự nhân dân,Thiếu file
